{
    "name": "root",
    "metadata": {
        "timer_format_version": "0.1.0",
        "start_time_seconds": "1604331719",
        "python_version": "3.7.0 (v3.7.0:1bf9cc5093, Jun 27 2018, 04:59:51) [MSC v.1914 64 bit (AMD64)]",
        "command_line_arguments": "C:\\Users\\Lenovo\\AppData\\Local\\Programs\\Python\\Python37\\Scripts\\mlagents-learn trainer_config.yaml --run-id=110202",
        "mlagents_version": "0.20.0",
        "mlagents_envs_version": "0.20.0",
        "communication_protocol_version": "1.1.0",
        "tensorflow_version": "2.3.1",
        "numpy_version": "1.18.5",
        "end_time_seconds": "1604331764"
    },
    "total": 45.0074448,
    "count": 1,
    "self": 0.009809799999999314,
    "children": {
        "run_training.setup": {
            "total": 0.009247400000000017,
            "count": 1,
            "self": 0.009247400000000017
        },
        "TrainerController.start_learning": {
            "total": 44.9883876,
            "count": 1,
            "self": 0.006151600000023905,
            "children": {
                "TrainerController._reset_env": {
                    "total": 18.535194,
                    "count": 1,
                    "self": 18.535194
                },
                "TrainerController.advance": {
                    "total": 25.787345699999978,
                    "count": 127,
                    "self": 0.0016234999999973354,
                    "children": {
                        "env_step": {
                            "total": 25.78572219999998,
                            "count": 127,
                            "self": 25.659579699999952,
                            "children": {
                                "SubprocessEnvManager._take_step": {
                                    "total": 0.1243887000000079,
                                    "count": 127,
                                    "self": 0.0036800000000489774,
                                    "children": {
                                        "TFPolicy.evaluate": {
                                            "total": 0.12070869999995892,
                                            "count": 127,
                                            "self": 0.12070869999995892
                                        }
                                    }
                                },
                                "workers": {
                                    "total": 0.0017538000000207887,
                                    "count": 126,
                                    "self": 0.0,
                                    "children": {
                                        "worker_root": {
                                            "total": 7.177119400000002,
                                            "count": 126,
                                            "is_parallel": true,
                                            "self": 1.7943595999999857,
                                            "children": {
                                                "steps_from_proto": {
                                                    "total": 0.0007678999999995995,
                                                    "count": 1,
                                                    "is_parallel": true,
                                                    "self": 0.0003762999999992189,
                                                    "children": {
                                                        "_process_vector_observation": {
                                                            "total": 0.00039160000000038053,
                                                            "count": 2,
                                                            "is_parallel": true,
                                                            "self": 0.00039160000000038053
                                                        }
                                                    }
                                                },
                                                "UnityEnvironment.step": {
                                                    "total": 5.381991900000017,
                                                    "count": 126,
                                                    "is_parallel": true,
                                                    "self": 0.013203099999991252,
                                                    "children": {
                                                        "UnityEnvironment._generate_step_input": {
                                                            "total": 0.008813399999993976,
                                                            "count": 126,
                                                            "is_parallel": true,
                                                            "self": 0.008813399999993976
                                                        },
                                                        "communicator.exchange": {
                                                            "total": 5.329857500000006,
                                                            "count": 126,
                                                            "is_parallel": true,
                                                            "self": 5.329857500000006
                                                        },
                                                        "steps_from_proto": {
                                                            "total": 0.030117900000025344,
                                                            "count": 126,
                                                            "is_parallel": true,
                                                            "self": 0.012944900000047,
                                                            "children": {
                                                                "_process_vector_observation": {
                                                                    "total": 0.017172999999978344,
                                                                    "count": 252,
                                                                    "is_parallel": true,
                                                                    "self": 0.017172999999978344
                                                                }
                                                            }
                                                        }
                                                    }
                                                }
                                            }
                                        }
                                    }
                                }
                            }
                        }
                    }
                },
                "trainer_threads": {
                    "total": 4.1899999999372994e-05,
                    "count": 1,
                    "self": 4.1899999999372994e-05,
                    "children": {
                        "thread_root": {
                            "total": 0.0,
                            "count": 0,
                            "is_parallel": true,
                            "self": 0.0,
                            "children": {
                                "trainer_advance": {
                                    "total": 25.50126810000017,
                                    "count": 12908,
                                    "is_parallel": true,
                                    "self": 0.5198488000001582,
                                    "children": {
                                        "process_trajectory": {
                                            "total": 24.981419300000013,
                                            "count": 12908,