{
    "name": "root",
    "metadata": {
        "timer_format_version": "0.1.0",
        "start_time_seconds": "1604329980",
        "python_version": "3.7.0 (v3.7.0:1bf9cc5093, Jun 27 2018, 04:59:51) [MSC v.1914 64 bit (AMD64)]",
        "command_line_arguments": "C:\\Users\\Lenovo\\AppData\\Local\\Programs\\Python\\Python37\\Scripts\\mlagents-learn trainer_config.yaml --run-id=110201",
        "mlagents_version": "0.20.0",
        "mlagents_envs_version": "0.20.0",
        "communication_protocol_version": "1.1.0",
        "tensorflow_version": "2.3.1",
        "numpy_version": "1.18.5",
        "end_time_seconds": "1604331621"
    },
    "total": 1641.7154213000001,
    "count": 1,
    "self": 0.010187800000267089,
    "children": {
        "run_training.setup": {
            "total": 0.056386799999998516,
            "count": 1,
            "self": 0.056386799999998516
        },
        "TrainerController.start_learning": {
            "total": 1641.6488467,
            "count": 1,
            "self": 1.2561700000160272,
            "children": {
                "TrainerController._reset_env": {
                    "total": 25.5821732,
                    "count": 1,
                    "self": 25.5821732
                },
                "TrainerController.advance": {
                    "total": 1614.096973699984,
                    "count": 42973,
                    "self": 0.6098334999817325,
                    "children": {
                        "env_step": {
                            "total": 1613.4871402000022,
                            "count": 42973,
                            "self": 1584.8306776000136,
                            "children": {
                                "SubprocessEnvManager._take_step": {
                                    "total": 28.017468799992926,
                                    "count": 42973,
                                    "self": 1.107964500001195,
                                    "children": {
                                        "TFPolicy.evaluate": {
                                            "total": 26.90950429999173,
                                            "count": 39121,
                                            "self": 26.90950429999173
                                        }
                                    }
                                },
                                "workers": {
                                    "total": 0.6389937999956175,
                                    "count": 42972,
                                    "self": 0.0,
                                    "children": {
                                        "worker_root": {
                                            "total": 1615.415235199995,
                                            "count": 42972,
                                            "is_parallel": true,
                                            "self": 73.61488959999633,
                                            "children": {
                                                "steps_from_proto": {
                                                    "total": 0.0005102000000007934,
                                                    "count": 1,
                                                    "is_parallel": true,
                                                    "self": 0.0002636000000002525,
                                                    "children": {
                                                        "_process_vector_observation": {
                                                            "total": 0.00024660000000054083,
                                                            "count": 2,
                                                            "is_parallel": true,
                                                            "self": 0.00024660000000054083
                                                        }
                                                    }
                                                },
                                                "UnityEnvironment.step": {
                                                    "total": 1541.7998353999988,
                                                    "count": 42972,
                                                    "is_parallel": true,
                                                    "self": 4.051506699996935,
                                                    "children": {
                                                        "UnityEnvironment._generate_step_input": {
                                                            "total": 2.8047749999936293,
                                                            "count": 42972,
                                                            "is_parallel": true,
                                                            "self": 2.8047749999936293
                                                        },
                                                        "communicator.exchange": {
                                                            "total": 1526.1467209999905,
                                                            "count": 42972,
                                                            "is_parallel": true,
                                                            "self": 1526.1467209999905
                                                        },
                                                        "steps_from_proto": {
                                                            "total": 8.796832700017678,
                                                            "count": 42972,
                                                            "is_parallel": true,
                                                            "self": 3.927256900025629,
                                                            "children": {
                                                                "_process_vector_observation": {
                                                                    "total": 4.869575799992049,
                                                                    "count": 85944,
                                                                    "is_parallel": true,
                                                                    "self": 4.869575799992049
                                                                }
                                                            }
                                                        }
                                                    }
                                                }
                                            }
                                        }
                                    }
                                }
                            }
                        }
                    }
                },
                "trainer_threads": {
                    "total": 5.390000001170847e-05,
                    "count": 1,
                    "self": 5.390000001170847e-05,
                    "children": {
                        "thread_root": {
                            "total": 0.0,
                            "count": 0,
                            "is_parallel": true,
                            "self": 0.0,
                            "children": {
                                "trainer_advance": {
                                    "total": 1597.733363999974,
                                    "count": 804516,
                                    "is_parallel": true,
                                    "self": 32.459092799998416,
                                    "children": {
                                        "process_trajectory": {
                                            "total": 1560.0594572999757,
                                            "count": 804516,