{
    "name": "root",
    "gauges": {
        "PlayerContinuous.Policy.Entropy.mean": {
            "value": 1.3322523832321167,
            "min": 1.3322523832321167,
            "max": 1.4119031429290771,
            "count": 9
        },
        "PlayerContinuous.Policy.ExtrinsicValueEstimate.mean": {
            "value": -2.344801664352417,
            "min": -2.870194435119629,
            "max": -0.982280969619751,
            "count": 9
        },
        "PlayerContinuous.Environment.EpisodeLength.mean": {
            "value": 9.0,
            "min": 9.0,
            "max": 9.120218579234972,
            "count": 9
        },
        "PlayerContinuous.Environment.CumulativeReward.mean": {
            "value": -5.2534598640561105,
            "min": -9.114432953406684,
            "max": -5.2534598640561105,
            "count": 9
        },
        "PlayerContinuous.Policy.ExtrinsicReward.mean": {
            "value": -5.2534598640561105,
            "min": -9.114432953406684,
            "max": -5.2534598640561105,
            "count": 9
        },
        "PlayerContinuous.Losses.ValueLoss.mean": {
            "value": 7.739841461181641,
            "min": 7.607423305511475,
            "max": 25.176441192626953,
            "count": 9
        },
        "PlayerContinuous.Losses.PolicyLoss.mean": {
            "value": 0.02412315644323826,
            "min": 0.022117439657449722,
            "max": 0.025900766253471375,
            "count": 9
        },
        "PlayerContinuous.Policy.LearningRate.mean": {
            "value": 4.477868424146436e-05,
            "min": 4.477868424146436e-05,
            "max": 0.00028462865157052875,
            "count": 9
        },
        "PlayerContinuous.Policy.Epsilon.mean": {
            "value": 0.11492620408535004,
            "min": 0.11492620408535004,
            "max": 0.19487620890140533,
            "count": 9
        },
        "PlayerContinuous.Policy.Beta.mean": {
            "value": 0.0007548172725364566,
            "min": 0.0007548172725364566,
            "max": 0.004744322970509529,
            "count": 9
        },
        "PlayerContinuous.IsTraining.mean": {
            "value": 1.0,
            "min": 1.0,
            "max": 1.0,
            "count": 9
        }
    },
    "metadata": {
        "timer_format_version": "0.1.0",
        "start_time_seconds": "1604331988",
        "python_version": "3.7.0 (v3.7.0:1bf9cc5093, Jun 27 2018, 04:59:51) [MSC v.1914 64 bit (AMD64)]",
        "command_line_arguments": "C:\\Users\\Lenovo\\AppData\\Local\\Programs\\Python\\Python37\\Scripts\\mlagents-learn trainer_config.yaml --run-id=110204",
        "mlagents_version": "0.20.0",
        "mlagents_envs_version": "0.20.0",
        "communication_protocol_version": "1.1.0",
        "tensorflow_version": "2.3.1",
        "numpy_version": "1.18.5",
        "end_time_seconds": "1604351506"
    },
    "total": 19518.2322105,
    "count": 1,
    "self": 0.0073737999991863035,
    "children": {
        "run_training.setup": {
            "total": 0.010042400000000118,
            "count": 1,
            "self": 0.010042400000000118
        },
        "TrainerController.start_learning": {
            "total": 19518.214794299998,
            "count": 1,
            "self": 14.572696500130405,
            "children": {
                "TrainerController._reset_env": {
                    "total": 11.391730299999999,
                    "count": 1,
                    "self": 11.391730299999999
                },
                "TrainerController.advance": {
                    "total": 19491.441335899868,
                    "count": 537404,
                    "self": 6.607525499679468,
                    "children": {
                        "env_step": {
                            "total": 19484.83381040019,
                            "count": 537404,
                            "self": 19151.40275150053,
                            "children": {
                                "SubprocessEnvManager._take_step": {
                                    "total": 326.01900809946255,
                                    "count": 537404,
                                    "self": 12.713161600668172,
                                    "children": {
                                        "TFPolicy.evaluate": {
                                            "total": 313.3058464987944,
                                            "count": 488604,
                                            "self": 313.3058464987944
                                        }
                                    }
                                },
                                "workers": {
                                    "total": 7.412050800196136,
                                    "count": 537403,
                                    "self": 0.0,
                                    "children": {
                                        "worker_root": {
                                            "total": 19491.157293300632,
                                            "count": 537403,
                                            "is_parallel": true,
                                            "self": 831.9621754015279,
                                            "children": {
                                                "steps_from_proto": {
                                                    "total": 0.00047080000000043754,
                                                    "count": 1,
                                                    "is_parallel": true,
                                                    "self": 0.0002363000000009663,
                                                    "children": {
                                                        "_process_vector_observation": {
                                                            "total": 0.00023449999999947124,
                                                            "count": 2,
                                                            "is_parallel": true,
                                                            "self": 0.00023449999999947124
                                                        }
                                                    }
                                                },
                                                "UnityEnvironment.step": {
                                                    "total": 18659.194647099102,
                                                    "count": 537403,
                                                    "is_parallel": true,
                                                    "self": 46.99505150182813,
                                                    "children": {
                                                        "UnityEnvironment._generate_step_input": {
                                                            "total": 30.817670799402183,
                                                            "count": 537403,
                                                            "is_parallel": true,
                                                            "self": 30.817670799402183
                                                        },
                                                        "communicator.exchange": {
                                                            "total": 18482.95934349939,
                                                            "count": 537403,
                                                            "is_parallel": true,
                                                            "self": 18482.95934349939
                                                        },
                                                        "steps_from_proto": {
                                                            "total": 98.42258129847897,
                                                            "count": 537403,