{"count":1,"self":1466.2912,"total":12831.033767199999,"children":{"InitializeActuators":{"count":100,"self":0.0109451,"total":0.0109451,"children":null},"InitializeSensors":{"count":100,"self":0.0060161999999999993,"total":0.0060161999999999993,"children":null},"AgentSendState":{"count":6351,"self":16.386088,"total":82.0560448,"children":{"CollectObservations":{"count":127100,"self":38.422,"total":38.4220014,"children":null},"CollectDiscreteActionMasks":{"count":127100,"self":3.2928552,"total":3.2928550999999997,"children":null},"RequestDecision":{"count":127100,"self":10.7408,"total":23.9551005,"children":{"AgentInfo.ToProto":{"count":127100,"self":7.6350311999999994,"total":13.2143002,"children":{"GenerateSensorData":{"count":127100,"self":5.5792692,"total":5.5792692,"children":null}}}}}}},"DecideAction":{"count":6351,"self":165.9175424,"total":165.9175409,"children":null},"AgentAct":{"count":6351,"self":11116.651315199999,"total":11116.7429922,"children":{"AgentInfo.ToProto":{"count":598,"self":0.054025,"total":0.091900799999999991,"children":{"GenerateSensorData":{"count":598,"self":0.0378758,"total":0.0378758,"children":null}}}}},"AgentInfo.ToProto":{"count":15,"self":0.0009975,"total":0.0039892999999999994,"children":{"GenerateSensorData":{"count":15,"self":0.0029917999999999998,"total":0.0029917999999999998,"children":null}}}},"gauges":{"PlayerContinuous.CumulativeReward":{"count":613,"max":140.602,"min":-417.601776,"runningAverage":-3.54818583,"value":18.1995258,"weightedAverage":14.9028072}},"metadata":{"timer_format_version":"0.1.0","start_time_seconds":"1638985893","unity_version":"2019.3.2f1","command_line_arguments":"C:\\Program Files\\Unity\\Hub\\Editor\\2019.3.2f1\\Editor\\Unity.exe -projectpath C:\/Users\/Lenovo\/Documents\/GitHub\/RTSProject2020 -useHub -hubIPC -cloudEnvironment production -hubSessionId 82478aa0-5392-11ec-a448-45fe4eb7feac","communication_protocol_version":"1.2.0","com.unity.ml-agents_version":"1.5.0-preview","scene_name":"03TrainingScene","end_time_seconds":"1638998724"}}