{
    "name": "root",
    "gauges": {
        "PlayerContinuous.Policy.Entropy.mean": {
            "value": 0.6084491610527039,
            "min": 0.39275112748146057,
            "max": 1.417088270187378,
            "count": 8
        },
        "PlayerContinuous.Environment.EpisodeLength.mean": {
            "value": 186.62790697674419,
            "min": 184.92753623188406,
            "max": 199.0,
            "count": 10
        },
        "PlayerContinuous.Policy.ExtrinsicValueEstimate.mean": {
            "value": 2.0907256603240967,
            "min": -0.26817941665649414,
            "max": 2.0907256603240967,
            "count": 10
        },
        "PlayerContinuous.Environment.CumulativeReward.mean": {
            "value": -14.610485580178999,
            "min": -289.24661487644,
            "max": 107.96166712443033,
            "count": 10
        },
        "PlayerContinuous.Policy.ExtrinsicReward.mean": {
            "value": -14.610485580178999,
            "min": -289.24661487644,
            "max": 107.96166712443033,
            "count": 10
        },
        "PlayerContinuous.Losses.ValueLoss.mean": {
            "value": 0.7448703646659851,
            "min": 0.5893173217773438,
            "max": 2.367169141769409,
            "count": 10
        },
        "PlayerContinuous.Losses.PolicyLoss.mean": {
            "value": -2.0477945804595947,
            "min": -2.0477945804595947,
            "max": 0.53907310962677,
            "count": 10
        },
        "PlayerContinuous.Losses.Q1Loss.mean": {
            "value": 0.34060925245285034,
            "min": 0.24454481899738312,
            "max": 1.0514612197875977,
            "count": 10
        },
        "PlayerContinuous.Losses.Q2Loss.mean": {
            "value": 0.34083548188209534,
            "min": 0.24759012460708618,
            "max": 1.0940181016921997,
            "count": 10
        },
        "PlayerContinuous.Policy.EntropyCoeff.mean": {
            "value": 0.3641139566898346,
            "min": 0.3641139566898346,
            "max": 0.4968711733818054,
            "count": 10
        },
        "PlayerContinuous.Policy.LearningRate.mean": {
            "value": 0.00029999998514540493,
            "min": 0.00029999998514540493,
            "max": 0.0003000000142492354,
            "count": 10
        },
        "PlayerContinuous.IsTraining.mean": {
            "value": 1.0,
            "min": 1.0,
            "max": 1.0,
            "count": 10
        }
    },
    "metadata": {
        "timer_format_version": "0.1.0",
        "start_time_seconds": "1638985855",
        "python_version": "3.7.0 (v3.7.0:1bf9cc5093, Jun 27 2018, 04:59:51) [MSC v.1914 64 bit (AMD64)]",
        "command_line_arguments": "C:\\Users\\Lenovo\\AppData\\Local\\Programs\\Python\\Python37\\Scripts\\mlagents-learn trainer_config.yaml --run-id=211208-1850",
        "mlagents_version": "0.20.0",
        "mlagents_envs_version": "0.20.0",
        "communication_protocol_version": "1.1.0",
        "tensorflow_version": "2.3.1",
        "numpy_version": "1.18.5",
        "end_time_seconds": "1638998711"
    },
    "total": 12856.1845269,
    "count": 1,
    "self": 0.05190439999933005,
    "children": {
        "run_training.setup": {
            "total": 0.024643199999999865,
            "count": 1,
            "self": 0.024643199999999865
        },
        "TrainerController.start_learning": {
            "total": 12856.1079793,
            "count": 1,
            "self": 0.13118059999942489,
            "children": {
                "TrainerController._reset_env": {
                    "total": 51.3346878,
                    "count": 1,
                    "self": 51.3346878
                },
                "TrainerController.advance": {
                    "total": 12802.246560900003,
                    "count": 1304,
                    "self": 0.06679819998498715,
                    "children": {
                        "env_step": {
                            "total": 12802.179762700018,
                            "count": 1304,
                            "self": 12775.764780600024,
                            "children": {
                                "SubprocessEnvManager._take_step": {
                                    "total": 26.35270040000072,
                                    "count": 1304,
                                    "self": 0.4312611999982465,
                                    "children": {
                                        "TFPolicy.evaluate": {
                                            "total": 25.921439200002474,
                                            "count": 1270,
                                            "self": 25.921439200002474
                                        }
                                    }
                                },
                                "workers": {
                                    "total": 0.06228169999315014,
                                    "count": 1303,
                                    "self": 0.0,
                                    "children": {
                                        "worker_root": {
                                            "total": 12800.889438299959,
                                            "count": 1303,
                                            "is_parallel": true,
                                            "self": 109.71050819995435,
                                            "children": {
                                                "steps_from_proto": {
                                                    "total": 0.03740650000000301,
                                                    "count": 1,
                                                    "is_parallel": true,
                                                    "self": 0.006460799999999267,
                                                    "children": {
                                                        "_process_vector_observation": {
                                                            "total": 0.03094570000000374,
                                                            "count": 2,
                                                            "is_parallel": true,
                                                            "self": 0.03094570000000374
                                                        }
                                                    }
                                                },
                                                "UnityEnvironment.step": {
                                                    "total": 12691.141523600005,
                                                    "count": 1303,
                                                    "is_parallel": true,
                                                    "self": 1.75011259999701,
                                                    "children": {
                                                        "UnityEnvironment._generate_step_input": {
                                                            "total": 3.9675280000071567,
                                                            "count": 1303,
                                                            "is_parallel": true,
                                                            "self": 3.9675280000071567
                                                        },
                                                        "communicator.exchange": {
                                                            "total": 12680.771858900014,
                                                            "count": 1303,
                                                            "is_parallel": true,
                                                            "self": 12680.771858900014
                                                        },