{
    "name": "root",
    "gauges": {
        "PlayerContinuous.Policy.Entropy.mean": {
            "value": 0.3873257339000702,
            "min": 0.3873257339000702,
            "max": 1.3294378519058228,
            "count": 41
        },
        "PlayerContinuous.Environment.EpisodeLength.mean": {
            "value": 64.18548387096774,
            "min": 64.18548387096774,
            "max": 327.2307692307692,
            "count": 41
        },
        "PlayerContinuous.Policy.ExtrinsicValueEstimate.mean": {
            "value": 6.636875629425049,
            "min": 0.508659303188324,
            "max": 7.134025573730469,
            "count": 41
        },
        "PlayerContinuous.Environment.CumulativeReward.mean": {
            "value": -3.567045444791967,
            "min": -69.06628218362498,
            "max": 20.70375134050846,
            "count": 41
        },
        "PlayerContinuous.Policy.ExtrinsicReward.mean": {
            "value": -3.567045444791967,
            "min": -69.06628218362498,
            "max": 20.70375134050846,
            "count": 41
        },
        "PlayerContinuous.Losses.ValueLoss.mean": {
            "value": 0.391094446182251,
            "min": 0.09025198966264725,
            "max": 0.5643860697746277,
            "count": 41
        },
        "PlayerContinuous.Losses.PolicyLoss.mean": {
            "value": -7.570183753967285,
            "min": -7.745837211608887,
            "max": -0.11593619734048843,
            "count": 41
        },
        "PlayerContinuous.Losses.Q1Loss.mean": {
            "value": 0.1839705854654312,
            "min": 0.022229352965950966,
            "max": 0.27276238799095154,
            "count": 41
        },
        "PlayerContinuous.Losses.Q2Loss.mean": {
            "value": 0.18709978461265564,
            "min": 0.023044629022479057,
            "max": 0.2759483754634857,
            "count": 41
        },
        "PlayerContinuous.Policy.EntropyCoeff.mean": {
            "value": 0.12094715982675552,
            "min": 0.12094715982675552,
            "max": 0.49400439858436584,
            "count": 41
        },
        "PlayerContinuous.Policy.LearningRate.mean": {
            "value": 0.00030000004335306585,
            "min": 0.0002999999560415745,
            "max": 0.00030000010156072676,
            "count": 41
        },
        "PlayerContinuous.IsTraining.mean": {
            "value": 1.0,
            "min": 1.0,
            "max": 1.0,
            "count": 41
        }
    },
    "metadata": {
        "timer_format_version": "0.1.0",
        "start_time_seconds": "1637876592",
        "python_version": "3.7.0 (v3.7.0:1bf9cc5093, Jun 27 2018, 04:59:51) [MSC v.1914 64 bit (AMD64)]",
        "command_line_arguments": "C:\\Users\\Lenovo\\AppData\\Local\\Programs\\Python\\Python37\\Scripts\\mlagents-learn trainer_config.yaml --run-id=211125-2235 --force",
        "mlagents_version": "0.20.0",
        "mlagents_envs_version": "0.20.0",
        "communication_protocol_version": "1.1.0",
        "tensorflow_version": "2.3.1",
        "numpy_version": "1.18.5",
        "end_time_seconds": "1637877635"
    },
    "total": 1043.2142059,
    "count": 1,
    "self": 0.630133300000125,
    "children": {
        "run_training.setup": {
            "total": 0.02412510000000001,
            "count": 1,
            "self": 0.02412510000000001
        },
        "TrainerController.start_learning": {
            "total": 1042.5599475,
            "count": 1,
            "self": 0.5407538000031309,
            "children": {
                "TrainerController._reset_env": {
                    "total": 32.9459651,
                    "count": 1,
                    "self": 32.9459651
                },
                "TrainerController.advance": {
                    "total": 1007.2279182999965,
                    "count": 5380,
                    "self": 0.26570890000175496,
                    "children": {
                        "env_step": {
                            "total": 1006.9622093999948,
                            "count": 5380,
                            "self": 960.835748799994,
                            "children": {
                                "SubprocessEnvManager._take_step": {
                                    "total": 45.85892349999946,
                                    "count": 5380,
                                    "self": 1.7257453000004688,
                                    "children": {
                                        "TFPolicy.evaluate": {
                                            "total": 44.133178199998994,
                                            "count": 5380,
                                            "self": 44.133178199998994
                                        }
                                    }
                                },
                                "workers": {
                                    "total": 0.2675371000012703,
                                    "count": 5380,
                                    "self": 0.0,
                                    "children": {
                                        "worker_root": {
                                            "total": 1017.3462310000019,
                                            "count": 5380,
                                            "is_parallel": true,
                                            "self": 138.2092834000025,
                                            "children": {
                                                "steps_from_proto": {
                                                    "total": 0.0037137999999998783,
                                                    "count": 1,
                                                    "is_parallel": true,
                                                    "self": 0.0007711000000014678,
                                                    "children": {
                                                        "_process_vector_observation": {
                                                            "total": 0.0029426999999984105,
                                                            "count": 2,
                                                            "is_parallel": true,
                                                            "self": 0.0029426999999984105
                                                        }
                                                    }
                                                },
                                                "UnityEnvironment.step": {
                                                    "total": 879.1332337999994,
                                                    "count": 5380,
                                                    "is_parallel": true,
                                                    "self": 6.955304400007776,
                                                    "children": {
                                                        "UnityEnvironment._generate_step_input": {
                                                            "total": 17.425704999995247,
                                                            "count": 5380,
                                                            "is_parallel": true,
                                                            "self": 17.425704999995247
                                                        },
                                                        "communicator.exchange": {
                                                            "total": 835.6069646999972,
                                                            "count": 5380,
                                                            "is_parallel": true,
                                                            "self": 835.6069646999972
                                                        },