{
    "name": "root",
    "metadata": {
        "timer_format_version": "0.1.0",
        "start_time_seconds": "1604331826",
        "python_version": "3.7.0 (v3.7.0:1bf9cc5093, Jun 27 2018, 04:59:51) [MSC v.1914 64 bit (AMD64)]",
        "command_line_arguments": "C:\\Users\\Lenovo\\AppData\\Local\\Programs\\Python\\Python37\\Scripts\\mlagents-learn trainer_config.yaml --run-id=110203",
        "mlagents_version": "0.20.0",
        "mlagents_envs_version": "0.20.0",
        "communication_protocol_version": "1.1.0",
        "tensorflow_version": "2.3.1",
        "numpy_version": "1.18.5",
        "end_time_seconds": "1604331981"
    },
    "total": 155.2773144,
    "count": 1,
    "self": 0.007689999999996644,
    "children": {
        "run_training.setup": {
            "total": 0.010124400000000033,
            "count": 1,
            "self": 0.010124400000000033
        },
        "TrainerController.start_learning": {
            "total": 155.2595,
            "count": 1,
            "self": 0.06947319999986235,
            "children": {
                "TrainerController._reset_env": {
                    "total": 16.6573255,
                    "count": 1,
                    "self": 16.6573255
                },
                "TrainerController.advance": {
                    "total": 137.95017350000015,
                    "count": 2306,
                    "self": 0.031103199999989783,
                    "children": {
                        "env_step": {
                            "total": 137.91907030000016,
                            "count": 2306,
                            "self": 136.34925790000017,
                            "children": {
                                "SubprocessEnvManager._take_step": {
                                    "total": 1.5360462999999314,
                                    "count": 2306,
                                    "self": 0.05990619999969837,
                                    "children": {
                                        "TFPolicy.evaluate": {
                                            "total": 1.476140100000233,
                                            "count": 2147,
                                            "self": 1.476140100000233
                                        }
                                    }
                                },
                                "workers": {
                                    "total": 0.033766100000043764,
                                    "count": 2305,
                                    "self": 0.0,
                                    "children": {
                                        "worker_root": {
                                            "total": 128.31722310000026,
                                            "count": 2305,
                                            "is_parallel": true,
                                            "self": 5.464931400000566,
                                            "children": {
                                                "steps_from_proto": {
                                                    "total": 0.00038529999999958875,
                                                    "count": 1,
                                                    "is_parallel": true,
                                                    "self": 0.0001878999999984643,
                                                    "children": {
                                                        "_process_vector_observation": {
                                                            "total": 0.00019740000000112445,
                                                            "count": 2,
                                                            "is_parallel": true,
                                                            "self": 0.00019740000000112445
                                                        }
                                                    }
                                                },
                                                "UnityEnvironment.step": {
                                                    "total": 122.85190639999969,
                                                    "count": 2305,
                                                    "is_parallel": true,
                                                    "self": 0.2147463000003853,
                                                    "children": {
                                                        "UnityEnvironment._generate_step_input": {
                                                            "total": 0.15238499999951216,
                                                            "count": 2305,
                                                            "is_parallel": true,
                                                            "self": 0.15238499999951216
                                                        },
                                                        "communicator.exchange": {
                                                            "total": 121.99933980000002,
                                                            "count": 2305,
                                                            "is_parallel": true,
                                                            "self": 121.99933980000002
                                                        },
                                                        "steps_from_proto": {
                                                            "total": 0.48543529999977864,
                                                            "count": 2301,
                                                            "is_parallel": true,
                                                            "self": 0.21975350000060345,
                                                            "children": {
                                                                "_process_vector_observation": {
                                                                    "total": 0.2656817999991752,
                                                                    "count": 4602,
                                                                    "is_parallel": true,
                                                                    "self": 0.2656817999991752
                                                                }
                                                            }
                                                        }
                                                    }
                                                }
                                            }
                                        }
                                    }
                                }
                            }
                        }
                    }
                },
                "trainer_threads": {
                    "total": 8.420000000342043e-05,
                    "count": 1,
                    "self": 8.420000000342043e-05,
                    "children": {
                        "thread_root": {
                            "total": 0.0,
                            "count": 0,
                            "is_parallel": true,
                            "self": 0.0,
                            "children": {
                                "trainer_advance": {
                                    "total": 136.51728429999875,
                                    "count": 69026,
                                    "is_parallel": true,
                                    "self": 2.8022639999976207,
                                    "children": {
                                        "process_trajectory": {
                                            "total": 133.71502030000113,
                                            "count": 69026,